-- phpMyAdmin SQL Dump
-- version 4.0.4
-- http://www.phpmyadmin.net
--
-- Host: localhost
-- Generation Time: Jun 09, 2014 at 10:56 AM
-- Server version: 5.6.12-log
-- PHP Version: 5.4.16

SET SQL_MODE = "NO_AUTO_VALUE_ON_ZERO";
SET time_zone = "+00:00";


/*!40101 SET @OLD_CHARACTER_SET_CLIENT=@@CHARACTER_SET_CLIENT */;
/*!40101 SET @OLD_CHARACTER_SET_RESULTS=@@CHARACTER_SET_RESULTS */;
/*!40101 SET @OLD_COLLATION_CONNECTION=@@COLLATION_CONNECTION */;
/*!40101 SET NAMES utf8 */;

--
-- Database: `timetable`
--
CREATE DATABASE IF NOT EXISTS `timetable` DEFAULT CHARACTER SET latin1 COLLATE latin1_swedish_ci;
USE `timetable`;

DELIMITER $$
--
-- Procedures
--
CREATE DEFINER=`root`@`localhost` PROCEDURE `availSeats`()
BEGIN

		insert into finaltimetable (courseId, date, duration, venuecode,level,programme,department)(

select A.coursecode, B.date,b.duration, b.venuecode,A.level,A.programme,A.department from (SELECT * FROM `course` order by rand() limit 1) as A,
(select * from availseats order by rand() limit 1) as B

where B.remseats >= A.number_of_students
and not exists (select courseId from finaltimetable as C where C.courseId=A.coursecode)
and not exists (select level,programme,date from finaltimetable as E where E.date = B.date and E.level = A.level and E.programme = A.programme)
);
	END$$

CREATE DEFINER=`root`@`localhost` PROCEDURE `Course_Insert`()
BEGIN

	DECLARE noCourse INT;
	DECLARE entryNo INT;

	DECLARE minStudents INT;
		DECLARE maxRem INT;

	SET minStudents = (select Number_of_students from (Select CourseCode,Level,Programme, min(Number_Of_Students) as Number_of_students FROM course as A
						WHERE NOT EXISTS  (Select CourseId FROM finaltimetable as B
						WHERE A.CourseCode = B.CourseId)
                               AND NOT EXISTS (SELECT Level,Programme FROM finaltimetable AS C WHERE C.Programme = A.Programme AND C.Level = A.Level)) as D limit 1);

	SET maxRem = (SELECT max(REMseats) FROM availseats);


	SET noCourse = (SELECT COUNT('Name') FROM course);

	SET entryNo = (SELECT COUNT('CourseId') FROM finaltimetable);

	WHILE(noCourse >= entryNo)DO

		CALL RowFinaltimetable();





	SET entryNo := entryNo + 1;
WHILE(minStudents <= maxRem) DO
			CALL availSeats();
		END WHILE;

	END WHILE;

	CALL displayFinal();

   END$$

CREATE DEFINER=`root`@`localhost` PROCEDURE `displayFinal`()
BEGIN
 SELECT *  FROM finaltimetable;
 END$$

CREATE DEFINER=`root`@`localhost` PROCEDURE `FinalDisplay`()
BEGIN
DECLARE varDis VARCHAR(255);
CALL Course_Insert();
END$$

CREATE DEFINER=`root`@`localhost` PROCEDURE `insertAvailSeats`()
BEGIN

		DECLARE minStudents INT;
		DECLARE maxRem INT;

		SET minStudents = (select Number_of_students from (Select CourseCode,Level,Programme, min(Number_Of_Students) as Number_of_students FROM course as A
WHERE NOT EXISTS  (Select CourseId FROM finaltimetable as B
WHERE A.CourseCode = B.CourseId)
                               AND NOT EXISTS (SELECT Level,Programme FROM finaltimetable AS C WHERE C.Programme = A.Programme AND C.Level = A.Level)) as D limit 1);
		SET maxRem = (SELECT max(REMseats) FROM availseats);


		WHILE(minStudents <= maxRem) DO
			CALL availSeats();
		END WHILE;
	END$$

CREATE DEFINER=`root`@`localhost` PROCEDURE `insertCourse`()
BEGIN

	insert into finaltimetable (courseId, date, duration, venuecode,level,programme)(

	select A.coursecode, B.date,b.duration, b.venuecode,A.level,A.programme from
	(SELECT * FROM `course1` order by rand() limit 1) as A,
	(select * from viewschedule order by rand() limit 1) as B

        where B.venuesize >= A.number_of_students
        and not exists (select coursecode from finaltimetable as C where C.courseID=A.coursecode)
        and not exists (select date, duration, venuecode from finaltimetable as D
        where b.date=d.date and
        b.duration=d.duration
        and b.venuecode=d.venuecode)
        and not exists (select level,programme,date from finaltimetable as E where E.date = B.date
        and E.level = A.level and E.programme = A.programme)
     );

   END$$

CREATE DEFINER=`root`@`localhost` PROCEDURE `RowFinaltimetable`()
BEGIN

    insert into finaltimetable (courseId, date, duration, venuecode,level,programme,department)(

	select A.coursecode, B.date,b.duration, b.venuecode,A.level,A.programme,A.department from
	(SELECT * FROM `course` order by rand() limit 1) as A,
	(select * from viewschedule order by rand() limit 1) as B

        where B.venuesize >= A.number_of_students
        and not exists (select coursecode from finaltimetable as C where C.courseID=A.coursecode)
        and not exists (select date, duration, venuecode from finaltimetable as D
        where b.date=d.date and
        b.duration=d.duration
        and b.venuecode=d.venuecode)
        and not exists (select level,programme,date from finaltimetable as E where E.date = B.date
        and E.level = A.level and E.programme = A.programme)


    );
	CALL availSeats();

   END$$

DELIMITER ;

-- --------------------------------------------------------

--
-- Stand-in structure for view `availseats`
--
CREATE TABLE IF NOT EXISTS `availseats` (
`duration` varchar(255)
,`date` varchar(50)
,`venuecode` varchar(255)
,`remseats` decimal(65,0)
);
-- --------------------------------------------------------

--
-- Stand-in structure for view `availseats1`
--
CREATE TABLE IF NOT EXISTS `availseats1` (
`duration` varchar(255)
,`date` varchar(50)
,`venuecode` varchar(255)
,`venuesize` int(255)
,`number_of_students` decimal(65,0)
);
-- --------------------------------------------------------

--
-- Table structure for table `course`
--

CREATE TABLE IF NOT EXISTS `course` (
  `CourseId` int(11) NOT NULL AUTO_INCREMENT,
  `CourseCode` varchar(10) CHARACTER SET utf8mb4 COLLATE utf8mb4_unicode_ci NOT NULL,
  `Name` varchar(255) CHARACTER SET utf8 COLLATE utf8_unicode_ci NOT NULL,
  `Level` int(4) NOT NULL,
  `Number_Of_Students` int(255) NOT NULL,
  `Programme` varchar(255) NOT NULL,
  `Department` varchar(255) CHARACTER SET utf8mb4 COLLATE utf8mb4_unicode_ci NOT NULL,
  PRIMARY KEY (`CourseId`)
) ENGINE=InnoDB  DEFAULT CHARSET=latin1 AUTO_INCREMENT=236 ;

--
-- Dumping data for table `course`
--

INSERT INTO `course` (`CourseId`, `CourseCode`, `Name`, `Level`, `Number_Of_Students`, `Programme`, `Department`) VALUES
(1, 'AAS101N', 'ANATOMY AND PHYSIOLOGY OF FARM ANIMALS', 100, 140, 'BSC. ( AGRIC)', 'ANIMAL SCIENCE DEPARTMENT'),
(2, 'AAS102N', 'ANIMAL SCIENCE PRACTICAL 1', 100, 140, 'BSC. ( AGRIC)', 'ANIMAL SCIENCE DEPARTMENT'),
(3, 'AAS201N', 'ANIMAL NUTRITION', 200, 108, 'BSC. ( AGRIC)', 'ANIMAL SCIENCE DEPARTMENT'),
(4, 'AAS202N', 'ANIMAL SCIENCE PRACTICAL II', 200, 99, 'BSC. ( AGRIC)', 'ANIMAL SCIENCE DEPARTMENT'),
(5, 'AAS304N', 'RUMINANT PRODUCTION', 300, 102, 'BSC. ( AGRIC)', 'ANIMAL SCIENCE DEPARTMENT'),
(6, 'AAS305N', 'MONOGASTRIC PRODUCTION', 300, 102, 'BSC. ( AGRIC)', 'ANIMAL SCIENCE DEPARTMENT'),
(7, 'AAS306N', 'ANIMAL SCIENCE PRACTICAL IV', 300, 102, 'BSC. ( AGRIC)', 'ANIMAL SCIENCE DEPARTMENT'),
(8, 'AAS401N', 'ANIMAL PRODUCTION SYSTEMS', 400, 26, 'BSC. ( AGRIC. EXTENSION )', 'ANIMAL SCIENCE DEPARTMENT'),
(9, 'AAS404N', 'MEAT SCIENCE AND TECHNOLOGY', 400, 25, 'BSC. ( AGRIC)', 'ANIMAL SCIENCE DEPARTMENT'),
(10, 'AAS406N', 'ANIMAL BEHAVIOUR WELFARE AND ETHICS', 400, 29, 'BSC. ( AGRIC)', 'ANIMAL SCIENCE DEPARTMENT'),
(11, 'ACD203', 'VALUE CHAIN FOOD SAFETY AND QUALITY STANDARDS', 200, 29, 'BSC. ( AGRIC. EXTENSION )', 'AGRICULTURAL ECONOMICS AND EXT'),
(12, 'ACR102N', 'PLANT PHYSIOLOGY', 100, 140, 'BSC. ( AGRIC)', 'CROP SCIENCE DEPARTMENT'),
(13, 'ACR103N', 'CROP SCIENCE PRACTICAL I', 100, 140, 'BSC. ( AGRIC)', 'CROP SCIENCE DEPARTMENT'),
(14, 'ACR201N', 'PRINCIPLES OF HORTICULTURE', 200, 29, 'BSC. ( AGRIC. EXTENSION )', 'CROP SCIENCE DEPARTMENT'),
(15, 'ACR203', 'CROP SCIENCE PRACTICAL II', 300, 29, 'BSC. ( AGRIC. EXTENSION )', 'CROP SCIENCE DEPARTMENT'),
(16, 'ACR204N', 'INTRODUCTION TO BIOTECHNOLOGY', 200, 99, 'BSC. ( AGRIC)', 'CROP SCIENCE DEPARTMENT'),
(17, 'ACR205N', 'VEGETABLE PRODUCTION', 200, 99, 'BSC. ( AGRIC)', 'CROP SCIENCE DEPARTMENT'),
(18, 'ACR206N', 'CROP SCIENCE PRACTICAL III', 200, 99, 'BSC. ( AGRIC)', 'CROP SCIENCE DEPARTMENT'),
(19, 'ACR303N', 'ARABLE CROPS PRODUCTION', 300, 102, 'BSC. ( AGRIC)', 'CROP SCIENCE DEPARTMENT'),
(20, 'ACR304N', 'PLANT BREEDING', 300, 103, 'BSC. ( AGRIC)', 'CROP SCIENCE DEPARTMENT'),
(21, 'ACR305N', 'CROP SCIENCE PRACTICAL V', 300, 102, 'BSC. ( AGRIC)', 'CROP SCIENCE DEPARTMENT'),
(22, 'ACR402N', 'PEST MANAGEMENT', 400, 115, 'BSC. ( AGRIC)', 'CROP SCIENCE DEPARTMENT'),
(23, 'ACR403N', 'CROP SCIENCE PRACTICAL VI', 400, 115, 'BSC. ( AGRIC)', 'CROP SCIENCE DEPARTMENT'),
(24, 'ACR404N', 'MANAGEMENT OF PEST OF FIELD AND PLANTATION CROPS', 400, 4, 'BSC. ( AGRIC)', 'CROP SCIENCE DEPARTMENT'),
(25, 'ACR406N', 'ADVANCED BIOTECHNOLOGY', 400, 23, 'BSC. ( AGRIC)', 'CROP SCIENCE DEPARTMENT'),
(26, 'ACR410N', 'ORNAMENTAL HORTICULTURE', 400, 11, 'BSC. ( AGRIC)', 'CROP SCIENCE DEPARTMENT'),
(27, 'ACR411N', 'POST HARVEST PHYSIOLOGY OF PERISHABLE CROPS', 400, 4, 'BSC. ( AGRIC)', 'CROP SCIENCE DEPARTMENT'),
(28, 'ACT212', 'MATHEMATICS OF INVESTMENT AND CREDIT', 200, 15, 'BSC. ( ACTUARIAL SCI.)', 'MATHEMATICS AND STATISTICS DEP'),
(29, 'ACT214', 'FINANCIAL ANALYSIS AND ECONOMICS', 200, 15, 'BSC. ( ACTUARIAL SCI.)', 'MATHEMATICS AND STATISTICS DEP'),
(30, 'ACT302', 'RISK THEORY', 300, 25, 'BSC. ( ACTUARIAL SCI.)', 'MATHEMATICS AND STATISTICS DEP'),
(31, 'ACT304', 'LIFE CONTINGENCIES II', 300, 25, 'BSC. ( ACTUARIAL SCI.)', 'MATHEMATICS AND STATISTICS DEP'),
(32, 'ACT402', 'CREDIBILITY THEORY AND LOSS DISTRIBUTIONS', 400, 18, 'BSC. ( ACTUARIAL SCI.)', 'MATHEMATICS AND STATISTICS DEP'),
(33, 'ACT404', 'PENSION FUNDS AND SOCIAL SECURITY', 400, 18, 'BSC. ( ACTUARIAL SCI.)', 'MATHEMATICS AND STATISTICS DEP'),
(34, 'AEC202N', 'ELEMENTS OF ECONOMICS II (MACRO)', 200, 99, 'BSC. ( AGRIC)', 'AGRICULTURAL ECONOMICS AND EXT'),
(35, 'AEC401N', 'AGRICULTURAL PROJECT APPRAISAL', 400, 115, 'BSC. ( AGRIC)', 'AGRICULTURAL ECONOMICS AND EXT'),
(36, 'AEC402N', 'AGRICULTURAL MARKETING', 400, 115, 'BSC. ( AGRIC)', 'AGRICULTURAL ECONOMICS AND EXT'),
(37, 'AEC402N', 'AGRICULTURAL MARKETING', 400, 26, 'BSC. ( AGRIC. EXTENSION )', 'AGRICULTURAL ECONOMICS AND EXT'),
(38, 'AEC407N', 'AGRICULTURAL FINANCE', 400, 25, 'BSC. ( AGRIC)', 'AGRICULTURAL ECONOMICS AND EXT'),
(39, 'AEC410N', 'ECONOMETRICS', 400, 20, 'BSC. ( AGRIC)', 'AGRICULTURAL ECONOMICS AND EXT'),
(40, 'AEN201N', 'FARM POWER AND MACHINERY', 200, 99, 'BSC. ( AGRIC)', 'AGRICULTURAL ENGINEERING DEPAR'),
(41, 'AEN202N', 'ELEMENTARY LAND SURVEYING', 200, 99, 'BSC. ( AGRIC)', 'AGRICULTURAL ENGINEERING DEPAR'),
(42, 'AEN203N', 'AGRICULTURAL ENGINEERING PRACTICAL I', 200, 114, 'BSC. ( AGRIC)', 'AGRICULTURAL ENGINEERING DEPAR'),
(43, 'AEN301N', 'SOIL AND WATER ENGINEERING', 300, 104, 'BSC. ( AGRIC)', 'AGRICULTURAL ENGINEERING DEPAR'),
(44, 'AEN302N', 'AGRICULTURAL ENGINEERING PRACTICAL II', 300, 102, 'BSC. ( AGRIC)', 'AGRICULTURAL ENGINEERING DEPAR'),
(45, 'AEN401N', 'IRRIGATION AND DRAINAGE', 400, 26, 'BSC. ( AGRIC. EXTENSION )', 'AGRICULTURAL ENGINEERING DEPAR'),
(46, 'AEN402N', 'AGRICULTURAL ENGINEERING PRACTICAL III', 400, 26, 'BSC. ( AGRIC. EXTENSION )', 'AGRICULTURAL ENGINEERING DEPAR'),
(47, 'AEN403N', 'MATERIAL HANDLING AND PROCESSING', 400, 115, 'BSC. ( AGRIC)', 'AGRICULTURAL ENGINEERING DEPAR'),
(48, 'AEN404N', 'AGRICULTURAL ENGINEERING PRACTICAL IV', 400, 115, 'BSC. ( AGRIC)', 'AGRICULTURAL ENGINEERING DEPAR'),
(49, 'AEN405N', 'FARM STRUCTURES AND ENVIRONMENTAL C0NTROL', 400, 32, 'BSC. ( AGRIC)', 'AGRICULTURAL ENGINEERING DEPAR'),
(50, 'AEX202N', 'ADULT AND NON-FORMAL EDUCATION', 200, 99, 'BSC. ( AGRIC)', 'AGRICULTURAL ECONOMICS AND EXT'),
(51, 'AEX306N', 'DEVELOPMENT OF EXTENSION TRAINING MATERIALS', 300, 29, 'BSC. ( AGRIC. EXTENSION )', 'AGRICULTURAL ECONOMICS AND EXT'),
(52, 'AEX307N', 'DEVELOPMENT OF EXTENSION TRAINING MATERIALS (PRACTICALS)', 300, 29, 'BSC. ( AGRIC. EXTENSION )', 'AGRICULTURAL ECONOMICS AND EXT'),
(53, 'AEX309N', 'POST HARVEST TECHNOLOGY', 300, 29, 'BSC. ( AGRIC. EXTENSION )', 'AGRICULTURAL ECONOMICS AND EXT'),
(54, 'AEX311N', 'INTEGRATED PEST MANAGEMENT', 300, 29, 'BSC. ( AGRIC. EXTENSION )', 'AGRICULTURAL ECONOMICS AND EXT'),
(55, 'AEX312N', 'INTEGRATED PEST MANAGEMENT (PRACTICALS)', 300, 29, 'BSC. ( AGRIC. EXTENSION )', 'AGRICULTURAL ECONOMICS AND EXT'),
(56, 'AEX313N', 'AGRICULTURAL EXTENSION COMMUNICATION', 300, 102, 'BSC. ( AGRIC)', 'AGRICULTURAL ECONOMICS AND EXT'),
(57, 'AEX404N', 'MANAGEMENT OF EXTENSION ORGANISATIONS', 400, 26, 'BSC. ( AGRIC. EXTENSION )', 'AGRICULTURAL ECONOMICS AND EXT'),
(58, 'AEX405N', 'GENDER LEADERSHIP AND YOUTH ISSUES', 400, 26, 'BSC. ( AGRIC. EXTENSION )', 'AGRICULTURAL ECONOMICS AND EXT'),
(59, 'AEX406N', 'COMMUNICATION AND PARTICIPATORY APPROACHES IN EXTENSION', 400, 26, 'BSC. ( AGRIC. EXTENSION )', 'AGRICULTURAL ECONOMICS AND EXT'),
(60, 'AEX413N', 'SYSTEMS THINKING FOR CHANGING AGRICULTURE', 400, 7, 'BSC. ( AGRIC)', 'AGRICULTURAL ECONOMICS AND EXT'),
(61, 'AEX425N', 'GENDER LEADERSHIP AND YOUTH ISSUES IN EXTENSION', 400, 27, 'BSC. ( AGRIC)', 'AGRICULTURAL ECONOMICS AND EXT'),
(62, 'AGN105', 'INTRODUCTION TO STATISTICS', 100, 140, 'BSC. ( AGRIC)', 'SOIL SCIENCE DEPARTMENT'),
(63, 'AGN106', 'INTRODUCTORY PHYSICS FOR AGRICULTURE', 100, 140, 'BSC. ( AGRIC)', 'AGRICULTURAL ENGINEERING DEPAR'),
(64, 'AGN107', 'INTRODUCTORY PRACTICAL PHYSICS', 100, 140, 'BSC. ( AGRIC)', 'AGRICULTURAL ENGINEERING DEPAR'),
(65, 'AGN204N', 'INTRODUCTION TO COMPUTING', 200, 100, 'BSC. ( AGRIC)', 'AGRICULTURAL ENGINEERING DEPAR'),
(66, 'AGN298N', 'INDUSTRIAL ATTACHMENT', 200, 102, 'BSC. ( AGRIC)', 'AGRICULTURAL ECONOMICS AND EXT'),
(67, 'AGN398N', 'LONG VACATION FIELD TRIPS AND REPORT', 300, 102, 'BSC. ( AGRIC)', 'SOIL SCIENCE DEPARTMENT'),
(68, 'ASS101N', 'INTRODUCTORY SOIL SCIENCE', 100, 140, 'BSC. ( AGRIC)', 'SOIL SCIENCE DEPARTMENT'),
(69, 'ASS102N', 'SOIL SCIENCE PRACTICAL I', 100, 140, 'BSC. ( AGRIC)', 'SOIL SCIENCE DEPARTMENT'),
(70, 'ASS303N', 'SOIL ECOLOGY', 300, 102, 'BSC. ( AGRIC)', 'SOIL SCIENCE DEPARTMENT'),
(71, 'ASS401N', 'SOIL MANAGEMENT', 400, 26, 'BSC. ( AGRIC. EXTENSION )', 'SOIL SCIENCE DEPARTMENT'),
(72, 'ASS402N', 'SOIL SCIENCE PRACTICAL IV', 400, 26, 'BSC. ( AGRIC. EXTENSION )', 'SOIL SCIENCE DEPARTMENT'),
(73, 'ASS407N', 'FERTILIZER TECHNOLOGY AND USE', 400, 2, 'BSC. ( AGRIC)', 'SOIL SCIENCE DEPARTMENT'),
(74, 'ASS408N', 'PROBLEM SOILS', 400, 8, 'BSC. ( AGRIC)', 'SOIL SCIENCE DEPARTMENT'),
(75, 'ASS409N', 'SOIL INFORMATION SYSTEMS', 400, 14, 'BSC. ( AGRIC)', 'SOIL SCIENCE DEPARTMENT'),
(76, 'BCH202', 'GENERAL BIOCHEMISTRY II', 200, 53, 'B.SC. ( BIOCHEMISTRY)', 'DEPARTMENT OF BIOCHEMISTRY'),
(77, 'BCH206', 'MATHEMATICS FOR BIOLOGY', 200, 52, 'B.SC. ( BIOCHEMISTRY)', 'DEPARTMENT OF BIOCHEMISTRY'),
(78, 'BCH208', 'NUTRITION', 200, 52, 'B.SC. ( BIOCHEMISTRY)', 'DEPARTMENT OF BIOCHEMISTRY'),
(79, 'BCH212', 'GENERAL BIOCHEMISTRY PRACTICAL', 200, 52, 'B.SC. ( BIOCHEMISTRY)', 'DEPARTMENT OF BIOCHEMISTRY'),
(80, 'BCH306', 'ANALYTICAL BIOCHEMISTRY II', 300, 35, 'B.SC. ( BIOCHEMISTRY)', 'DEPARTMENT OF BIOCHEMISTRY'),
(81, 'BCH310', 'BIOCHEMISTRY OF HORMONES', 300, 35, 'B.SC. ( BIOCHEMISTRY)', 'DEPARTMENT OF BIOCHEMISTRY'),
(82, 'BCH316', 'COMPUTING FOR BIOCHEMISTS II', 300, 3, 'B.SC. ( BIOCHEMISTRY)', 'DEPARTMENT OF BIOCHEMISTRY'),
(83, 'BCH326', 'FOOD MICROBIOLOGY', 300, 35, 'B.SC. ( BIOCHEMISTRY)', 'DEPARTMENT OF BIOCHEMISTRY'),
(84, 'BCH330', 'CHEMISTRY OF NATURAL PRODUCTS', 300, 35, 'B.SC. ( BIOCHEMISTRY)', 'DEPARTMENT OF BIOCHEMISTRY'),
(85, 'BCH332', 'NUTRITIONAL BIOCHEMISTRY', 300, 35, 'B.SC. ( BIOCHEMISTRY)', 'DEPARTMENT OF BIOCHEMISTRY'),
(86, 'BCH334', 'BIOCHEMICAL TECHNIQUES (MINI PROJECT/INTERNSHIP)', 300, 35, 'B.SC. ( BIOCHEMISTRY)', 'DEPARTMENT OF BIOCHEMISTRY'),
(87, 'BCH402', 'FERMENTATION', 400, 30, 'B.SC. ( BIOCHEMISTRY)', 'DEPARTMENT OF BIOCHEMISTRY'),
(88, 'BCH404', 'PLANT BIOCHEMISTRY', 400, 30, 'B.SC. ( BIOCHEMISTRY)', 'DEPARTMENT OF BIOCHEMISTRY'),
(89, 'BCH410', 'NUTRITIONAL BIOCHEMISTRY II', 400, 30, 'B.SC. ( BIOCHEMISTRY)', 'DEPARTMENT OF BIOCHEMISTRY'),
(90, 'BCH412', 'METHODS IN TISSUE CULTURE', 400, 23, 'B.SC. ( BIOCHEMISTRY)', 'DEPARTMENT OF BIOCHEMISTRY'),
(91, 'BCH422', 'IMMUNOLOGY AND IMMUNOCHEMISTRY', 400, 30, 'B.SC. ( BIOCHEMISTRY)', 'DEPARTMENT OF BIOCHEMISTRY'),
(92, 'BCH426', 'INTRODUCTION TO MANAGEMENT II', 400, 23, 'B.SC. ( BIOCHEMISTRY)', 'DEPARTMENT OF BIOCHEMISTRY'),
(93, 'CHE402', 'HETEROCYCLIC CHEMISTRY AND AROMATIC SYNTHESIS', 400, 6, 'B. ED. ( SCIENCE)', 'CHEMISTRY DEPARTMENT'),
(94, 'CHE404', 'ELECTROCHEMISTRY', 400, 6, 'B. ED. ( SCIENCE)', 'CHEMISTRY DEPARTMENT'),
(95, 'CSC402', 'NUMERICAL ANALYSIS', 400, 8, 'B.SC ( COMP. SCIENCE)', 'COMPUTER SCIENCE DEPARTMENT'),
(96, 'CSC403', 'DATABASE DESIGN', 400, 14, 'B.ED (COMP. SCIENCE)', 'COMPUTER SCIENCE DEPARTMENT'),
(97, 'CSE102', 'OFFICE APPLICATIONS (PRACTICALS)', 100, 22, 'B.ED (COMP. SCIENCE)', 'DEPT. OF SCI. & MATHS EDU.'),
(98, 'CTN202', 'CHEMICAL PROCESS AND REACTION TECHNOLOGY', 200, 29, 'BSC ( INDUSTRIAL CHEMISTRY)', 'CHEMISTRY DEPARTMENT'),
(99, 'CTN203', 'HEAT AND MASS TRANSFER', 200, 29, 'BSC ( INDUSTRIAL CHEMISTRY)', 'CHEMISTRY DEPARTMENT'),
(100, 'CTN204', 'ORGANIC CHEMISTRY FOR INDUSTRIAL CHEMIST', 200, 29, 'BSC ( INDUSTRIAL CHEMISTRY)', 'CHEMISTRY DEPARTMENT'),
(101, 'CTN208', 'INORGANIC CHEMISTRY', 200, 29, 'BSC ( INDUSTRIAL CHEMISTRY)', 'CHEMISTRY DEPARTMENT'),
(102, 'CTN210', 'FLUID MECHANICS', 200, 29, 'BSC ( INDUSTRIAL CHEMISTRY)', 'CHEMISTRY DEPARTMENT'),
(103, 'CTN302', 'INDUSTRIAL PLACEMENT', 300, 20, 'BSC ( INDUSTRIAL CHEMISTRY)', 'CHEMISTRY DEPARTMENT'),
(104, 'CTN408', 'APPLIED ELECTROCHEMISTRY', 400, 16, 'BSC ( INDUSTRIAL CHEMISTRY)', 'CHEMISTRY DEPARTMENT'),
(105, 'CTN410', 'THERMODYNAMICS', 400, 16, 'BSC ( INDUSTRIAL CHEMISTRY)', 'CHEMISTRY DEPARTMENT'),
(106, 'CTN411', 'PROCESS ECONOMICS', 400, 16, 'BSC ( INDUSTRIAL CHEMISTRY)', 'CHEMISTRY DEPARTMENT'),
(107, 'CWS202', 'ENVIRONMENTAL MICROBIOLOGY', 200, 33, 'BSC. ( WATER AND SANITATION)', 'CHEMISTRY DEPARTMENT'),
(108, 'CWS204', 'PRACTICAL (ENVIRONMENTAL MICROBIOLOGY)', 200, 33, 'BSC. ( WATER AND SANITATION)', 'CHEMISTRY DEPARTMENT'),
(109, 'CWS206', 'FLUID MECHANICS II', 200, 21, 'BSC. ( WATER AND SANITATION)', 'CHEMISTRY DEPARTMENT'),
(110, 'CWS208', 'INTRODUCTION TO ENVIRONMENTAL QUALITY', 200, 20, 'BSC. ( WATER AND SANITATION)', 'CHEMISTRY DEPARTMENT'),
(111, 'CWS210', 'ENVIRONMENTAL SANITATION SYSTEMS', 200, 3, 'BSC. ( WATER AND SANITATION)', 'CHEMISTRY DEPARTMENT'),
(112, 'CWS212', 'ENVIRONMENTAL SANITATION SYSTEMS', 200, 33, 'BSC. ( WATER AND SANITATION)', 'CHEMISTRY DEPARTMENT'),
(113, 'CWS306', 'WASTE WATER MANAGEMENT', 300, 25, 'BSC. ( WATER AND SANITATION)', 'CHEMISTRY DEPARTMENT'),
(114, 'CWS310', 'WATER TRANSPORT AND DISTRIBUTION', 300, 25, 'BSC. ( WATER AND SANITATION)', 'CHEMISTRY DEPARTMENT'),
(115, 'CWS312', 'URBAN DRAINAGE', 300, 25, 'BSC. ( WATER AND SANITATION)', 'CHEMISTRY DEPARTMENT'),
(116, 'CWS316', 'IRRIGATION', 300, 12, 'BSC. ( WATER AND SANITATION)', 'CHEMISTRY DEPARTMENT'),
(117, 'CWS318', 'INDUSTRIAL ATTACHMENT', 300, 25, 'BSC. ( WATER AND SANITATION)', 'CHEMISTRY DEPARTMENT'),
(118, 'CWS402', 'INDUSTRIAL WASTEWATER TREATMENT AND SLUDGE MANAGEMENT', 400, 11, 'BSC. ( WATER AND SANITATION)', 'CHEMISTRY DEPARTMENT'),
(119, 'CWS404', 'WATER RESOURCES MANAGEMENT', 400, 11, 'BSC. ( WATER AND SANITATION)', 'CHEMISTRY DEPARTMENT'),
(120, 'CWS422', 'ENVIRONMENTAL IMAPCT ASSESSMENT', 400, 11, 'BSC. ( WATER AND SANITATION)', 'CHEMISTRY DEPARTMENT'),
(121, 'CWS428', 'PROCESS AND QUALITY CONTROL IN WATER SUPPLY', 400, 11, 'BSC. ( WATER AND SANITATION)', 'CHEMISTRY DEPARTMENT'),
(122, 'ECS101', 'TROUBLESHOOTING IN COMPUTERS', 100, 23, 'B.ED (COMP. SCIENCE)', 'DEPT. OF SCI. & MATHS EDU.'),
(123, 'ECS203', 'MODALITIES OF TECHNOLOGY FOR EDUCATION AND TRAINING', 200, 14, 'B.ED (COMP. SCIENCE)', 'DEPT. OF SCI. & MATHS EDU.'),
(124, 'ECS212', 'CURRICULUM STUDIES IN COMPUTING EDUCATION', 200, 14, 'B.ED (COMP. SCIENCE)', 'DEPT. OF SCI. & MATHS EDU.'),
(125, 'EHS202N', 'HUMAN GROWTH AND DEVELOPMENT', 200, 40, 'B. ED. ( HEALTH SCIENCES)', 'DEPT. OF SCI. & MATHS EDU.'),
(126, 'EHS204N', 'MICROBIOLOGY AND DISEASES', 200, 40, 'B. ED. ( HEALTH SCIENCES)', 'DEPT. OF SCI. & MATHS EDU.'),
(127, 'EHS206N', 'HEALTH EDUCATION AND PROMOTION', 200, 40, 'B. ED. ( HEALTH SCIENCES)', 'DEPT. OF SCI. & MATHS EDU.'),
(128, 'EHS222N', 'CRISIS INTERVENTION II', 200, 21, 'B. ED. ( HEALTH SCIENCES)', 'DEPT. OF SCI. & MATHS EDU.'),
(129, 'EHS232N', 'COMMUNITY AND SOCIAL PSYCHIATRY', 200, 6, 'B. ED. ( HEALTH SCIENCES)', 'DEPT. OF SCI. & MATHS EDU.'),
(130, 'EHS242N', 'DOMICILIARY MIDWIFERY AND CHILD HEALTH', 200, 2, 'B. ED. ( HEALTH SCIENCES)', 'DEPT. OF SCI. & MATHS EDU.'),
(131, 'EHS252N', 'COMMUNITY HEALTH NURSING AND ADMINISTRATION', 200, 1, 'B. ED. ( HEALTH SCIENCES)', 'DEPT. OF SCI. & MATHS EDU.'),
(132, 'EHS262N', 'IMMUNOLOGY/IMMUNIZATION AND COLD CHAIN MANAGEMENT', 200, 10, 'B. ED. ( HEALTH SCIENCES)', 'DEPT. OF SCI. & MATHS EDU.'),
(133, 'EHS314', 'ISSUES IN MIDWIFERY', 300, 4, 'B. ED. ( HEALTH SCIENCES)', 'DEPT. OF SCI. & MATHS EDU.'),
(134, 'EHS315', 'ISSUES IN NURSING', 300, 21, 'B. ED. ( HEALTH SCIENCES)', 'DEPT. OF SCI. & MATHS EDU.'),
(135, 'EHS316', 'PSYCHOLOGICAL BASIS IN HEALTH SCIENCES EDUCATION', 300, 30, 'B. ED. ( HEALTH SCIENCES)', 'DEPT. OF SCI. & MATHS EDU.'),
(136, 'EHS324', 'BIOSTATISTICS', 300, 32, 'B. ED. ( HEALTH SCIENCES)', 'DEPT. OF SCI. & MATHS EDU.'),
(137, 'EHS382', 'COMPUTER EDUCATION IN HEALTH SCIENCES EDUCATION', 300, 30, 'B. ED. ( HEALTH SCIENCES)', 'DEPT. OF SCI. & MATHS EDU.'),
(138, 'EHS384', 'NURSING FOR EMOTIONAL HEALTH', 300, 2, 'B. ED. ( HEALTH SCIENCES)', 'DEPT. OF SCI. & MATHS EDU.'),
(139, 'EHS387', 'MEDICAL MICROBIOLOGY AND PARASITOLOGY', 300, 4, 'B. ED. ( HEALTH SCIENCES)', 'DEPT. OF SCI. & MATHS EDU.'),
(140, 'EHS402', 'PSYCHOSOCIAL HEALTH CARE', 400, 82, 'B. ED. ( HEALTH SCIENCES)', 'DEPT. OF SCI. & MATHS EDU.'),
(141, 'EHS406', 'EPIDEMIOLOGY II', 400, 11, 'B. ED. ( HEALTH SCIENCES)', 'DEPT. OF SCI. & MATHS EDU.'),
(142, 'EHS427', 'ORGANIZATION AND MANAGEMENT OF HEALTH TRAINING INSTITUTIONS', 400, 82, 'B. ED. ( HEALTH SCIENCES)', 'DEPT. OF SCI. & MATHS EDU.'),
(143, 'EHS438', 'CONTEMPORARY ISSUES IN HEALTH SCIENCE EDUCATION', 400, 82, 'B. ED. ( HEALTH SCIENCES)', 'DEPT. OF SCI. & MATHS EDU.'),
(144, 'EHS440', 'WATER SUPPLY IN HEALTH MANAGEMENT', 400, 1, 'B. ED. ( HEALTH SCIENCES)', 'DEPT. OF SCI. & MATHS EDU.'),
(145, 'EHS464', 'FAMILY PLANNING AND DEMOGRAPHY', 300, 82, 'B. ED. ( HEALTH SCIENCES)', 'DEPT. OF SCI. & MATHS EDU.'),
(146, 'EHS465', 'NURSING', 300, 70, 'B. ED. ( HEALTH SCIENCES)', 'DEPT. OF SCI. & MATHS EDU.'),
(147, 'EMA208', 'METHODS OF TEACHING SECONDARY SCHOOL MATHEMATICS', 200, 125, 'B. ED. ( MATHS)', 'DEPT. OF SCI. & MATHS EDU.'),
(148, 'EMA210', 'INTRODUCTORY STATISTICS II', 200, 125, 'B. ED. ( MATHS)', 'DEPT. OF SCI. & MATHS EDU.'),
(149, 'EMA212', 'PEDAGOGICAL CONTENT KNOWLEDGE IN MATHEMATICS', 200, 126, 'B. ED. ( MATHS)', 'DEPT. OF SCI. & MATHS EDU.'),
(150, 'EMA302', 'CURRICULUM STUDIES IN MATHEMATICS EDUCATION', 300, 88, 'B. ED. ( MATHS)', 'DEPT. OF SCI. & MATHS EDU.'),
(151, 'EMA310', 'MECHANICS', 300, 89, 'B. ED. ( MATHS)', 'DEPT. OF SCI. & MATHS EDU.'),
(152, 'EMA312', 'SECONDARY SCHOOL MATHEMATICS CURRICULUM', 300, 90, 'B. ED. ( MATHS)', 'DEPT. OF SCI. & MATHS EDU.'),
(153, 'EMA401', 'DEVELOPMENT OF INSTRUCTIONAL MATERIALS IN MATHEMATICS', 400, 76, 'B. ED. ( MATHS)', 'DEPT. OF SCI. & MATHS EDU.'),
(154, 'EMA402', 'TEACHING PROBLEM SOLVING IN MATHEMATICS', 400, 27, 'B. ED. ( MATHS)', 'DEPT. OF SCI. & MATHS EDU.'),
(155, 'EMA406', 'ADVANCED STUDY OF TEACHING ELEMENTARY SCHOOL MATHEMATICS', 400, 50, 'B. ED. ( MATHS)', 'DEPT. OF SCI. & MATHS EDU.'),
(156, 'ENP302', 'CLASSICAL MECHANICS', 300, 6, 'B.SC ( ENG. PHYSICS)', 'PHYSICS DEPARTMENT'),
(157, 'ENP306', 'COMPUTING AND NUMERICAL METHODS', 300, 7, 'B.SC ( ENG. PHYSICS)', 'PHYSICS DEPARTMENT'),
(158, 'ENP308', 'INTRODUCTORY MATHS METHODS II', 300, 6, 'B.SC ( ENG. PHYSICS)', 'PHYSICS DEPARTMENT'),
(159, 'ENP310', 'SPECIAL THEORY OF RELATIVITY', 300, 6, 'B.SC ( ENG. PHYSICS)', 'PHYSICS DEPARTMENT'),
(160, 'ENP314', 'MATERIAL SCIENCE II', 300, 6, 'B.SC ( ENG. PHYSICS)', 'PHYSICS DEPARTMENT'),
(161, 'ENP402', 'SOLID STATE PHYSICS', 400, 12, 'B.SC ( ENG. PHYSICS)', 'PHYSICS DEPARTMENT'),
(162, 'ENP404', 'QUANTUM MECHANICS II', 400, 12, 'B.SC ( ENG. PHYSICS)', 'PHYSICS DEPARTMENT'),
(163, 'ENP406', 'ELECTROMAGNETIC FIELD THEORY II', 400, 12, 'B.SC ( ENG. PHYSICS)', 'PHYSICS DEPARTMENT'),
(164, 'ENP412', 'PHOTONICS/LASER PHYSICS', 400, 9, 'B.SC ( ENG. PHYSICS)', 'PHYSICS DEPARTMENT'),
(165, 'ESC214', 'CURRICULUM STUDIES IN BIOLOGY', 200, 30, 'B. ED. ( SCIENCE)', 'DEPT. OF SCI. & MATHS EDU.'),
(166, 'ESC216', 'CURRICULUM STUDIES IN CHEMISTRY', 200, 20, 'B. ED. ( SCIENCE)', 'DEPT. OF SCI. & MATHS EDU.'),
(167, 'ESC220', 'CURRICULUM STUDIES IN PHYSICS', 200, 4, 'B. ED. ( SCIENCE)', 'DEPT. OF SCI. & MATHS EDU.'),
(168, 'ESC306', '"SCIENCE', 0, 300, '40', 'B. ED. ( SCIENCE)'),
(169, 'ESC330', 'PEDAGOGICAL CONTENT KNOWLEDGE IN BIOLOGY II', 300, 14, 'B. ED. ( SCIENCE)', 'DEPT. OF SCI. & MATHS EDU.'),
(170, 'ESC332', 'PEDAGOGICAL CONTENT KNOWLEDGE IN CHEMISTRY II', 300, 23, 'B. ED. ( SCIENCE)', 'DEPT. OF SCI. & MATHS EDU.'),
(171, 'ESC334', 'PEDAGOGICAL CONTENT KNOWLEDGE IN PHYSICS II', 300, 3, 'B. ED. ( SCIENCE)', 'DEPT. OF SCI. & MATHS EDU.'),
(172, 'ESC401', 'DEVELOPMENT OF SCIENCE TEACHING MATERIALS', 400, 42, 'B. ED. ( SCIENCE)', 'DEPT. OF SCI. & MATHS EDU.'),
(173, 'ESC402', 'THE ENVIRONMENT AND NUCLEAR SCIENCE TEACHING', 400, 42, 'B. ED. ( SCIENCE)', 'DEPT. OF SCI. & MATHS EDU.'),
(174, 'ESC405', 'COMPUTER APPLICATIONS IN SCIENCE EDUCATION', 400, 42, 'B. ED. ( SCIENCE)', 'DEPT. OF SCI. & MATHS EDU.'),
(175, 'INF102', 'PROGRAMMING', 100, 52, 'BSC ( INFO. TECH.)', 'COMPUTER SCIENCE DEPARTMENT'),
(176, 'INF104', 'MATHEMATICS AND STATISTICS FOR COMPUTER SCIENTISTS', 100, 52, 'BSC ( INFO. TECH.)', 'COMPUTER SCIENCE DEPARTMENT'),
(177, 'INF110', 'COMPUTER HARDWARE', 100, 52, 'BSC ( INFO. TECH.)', 'COMPUTER SCIENCE DEPARTMENT'),
(178, 'INF202', 'INTERNET TECHNOLOGY I', 200, 35, 'BSC ( INFO. TECH.)', 'COMPUTER SCIENCE DEPARTMENT'),
(179, 'INF204', 'FOUNDATIONS OF PROGRAMMING II', 200, 35, 'BSC ( INFO. TECH.)', 'COMPUTER SCIENCE DEPARTMENT'),
(180, 'INF206', 'INFORMATION SYSTEMS DEVELOPMENT', 200, 36, 'BSC ( INFO. TECH.)', 'COMPUTER SCIENCE DEPARTMENT'),
(181, 'INF208', 'DATABASE MANAGEMENT I', 200, 35, 'BSC ( INFO. TECH.)', 'COMPUTER SCIENCE DEPARTMENT'),
(182, 'INF210', 'FORECASTING METHODS', 200, 36, 'BSC ( INFO. TECH.)', 'COMPUTER SCIENCE DEPARTMENT'),
(183, 'INF302', 'UNIX PROGRAMMING ENVIRONMENT', 300, 32, 'BSC ( INFO. TECH.)', 'COMPUTER SCIENCE DEPARTMENT'),
(184, 'INF304', 'INTERNET TECHNOLOGY II', 300, 32, 'BSC ( INFO. TECH.)', 'COMPUTER SCIENCE DEPARTMENT'),
(185, 'INF306', 'WEBSITE DEVELOPMENT', 300, 32, 'BSC ( INFO. TECH.)', 'COMPUTER SCIENCE DEPARTMENT'),
(186, 'INF308', 'NETWORK COMPUTING', 300, 32, 'BSC ( INFO. TECH.)', 'COMPUTER SCIENCE DEPARTMENT'),
(187, 'INF310', 'MANAGEMENT SUPPORT SYSTEMS', 300, 32, 'BSC ( INFO. TECH.)', 'COMPUTER SCIENCE DEPARTMENT'),
(188, 'INF402', 'INTRODUCTION TO INTELLIGENT SYSTEMS', 400, 37, 'BSC ( INFO. TECH.)', 'COMPUTER SCIENCE DEPARTMENT'),
(189, 'INF404', 'INTERNET TECHNOLOGY 3', 400, 37, 'BSC ( INFO. TECH.)', 'COMPUTER SCIENCE DEPARTMENT'),
(190, 'INF406', 'E-COMMERCE 2', 400, 37, 'BSC ( INFO. TECH.)', 'COMPUTER SCIENCE DEPARTMENT'),
(191, 'INF408', 'SYSTEMS SECURITY AND ADMINISTRATION', 400, 37, 'BSC ( INFO. TECH.)', 'COMPUTER SCIENCE DEPARTMENT'),
(192, 'LAT204', 'ANALOGUE ELECTRONICS WITH PRACTICAL', 200, 34, 'BSC ( LAB. TECH)', 'LABTEC DEPARTMENT'),
(193, 'LAT207', 'BIOLOGICAL INTERACTIONS IN THE ENVIRONMENT', 200, 34, 'BSC ( LAB. TECH)', 'LABTEC DEPARTMENT'),
(194, 'LAT302A', 'OPTICS AND LASER APPLICATIONS', 300, 90, 'BSC ( LAB. TECH)', 'LABTEC DEPARTMENT'),
(195, 'LAT306A', 'DIGITAL ELECTRONICS AND INSTRUMENTATION', 300, 90, 'BSC ( LAB. TECH)', 'LABTEC DEPARTMENT'),
(196, 'LAT307', 'MEDICAL LABORATORY TECHNOLOGY I', 300, 90, 'BSC ( LAB. TECH)', 'LABTEC DEPARTMENT'),
(197, 'LAT308', 'LABORATORY ORGANIZATION AND ADMINISTRATION', 300, 90, 'BSC ( LAB. TECH)', 'LABTEC DEPARTMENT'),
(198, 'LAT310', 'INDUSTRIAL LABORATORY TRAINING', 300, 90, 'BSC ( LAB. TECH)', 'LABTEC DEPARTMENT'),
(199, 'LAT311B', 'INTRODUCTION TO FORENSIC SCIENCE II', 300, 90, 'BSC ( LAB. TECH)', 'LABTEC DEPARTMENT'),
(200, 'LAT312', 'SAFETY AND HEALTH IN THE WORK ENVIRONMENT', 300, 90, 'BSC ( LAB. TECH)', 'LABTEC DEPARTMENT'),
(201, 'LAT401B', 'MICROBIOLOGY II', 400, 75, 'BSC ( LAB. TECH)', 'LABTEC DEPARTMENT'),
(202, 'LAT404', 'BIOTECHNOLOGY II', 400, 75, 'BSC ( LAB. TECH)', 'LABTEC DEPARTMENT'),
(203, 'LAT409', 'MEDICAL LABORATORY TECHNOLOGY II', 400, 75, 'BSC ( LAB. TECH)', 'LABTEC DEPARTMENT'),
(204, 'LAT410', 'MICRO-ELECTRONICS', 400, 75, 'BSC ( LAB. TECH)', 'LABTEC DEPARTMENT'),
(205, 'LAT417', 'FOOD TECHNOLOGY', 400, 75, 'BSC ( LAB. TECH)', 'LABTEC DEPARTMENT'),
(206, 'MAT405', 'ORDINARY DIFFERENTIAL EQUATIONS', 400, 76, 'B. ED. ( MATHS)', 'MATHEMATICS AND STATISTICS DEP'),
(207, 'MAT418', 'NUMERICAL ANALYSIS II', 400, 11, 'BSC ( MATHEMATICS)', 'MATHEMATICS AND STATISTICS DEP'),
(208, 'MLT101', 'BIOPHYSICS', 100, 93, 'BSC. ( MEDLAB)', 'LABTEC DEPARTMENT'),
(209, 'MLT211B', 'ANATOMY AND PHYSIOLOGY II', 200, 63, 'BSC. ( MEDLAB)', 'LABTEC DEPARTMENT'),
(210, 'MLT212B', 'CLINICAL BIOCHEMISTRY II', 200, 63, 'BSC. ( MEDLAB)', 'LABTEC DEPARTMENT'),
(211, 'MLT213B', 'HAEMATOLOGY II', 200, 65, 'BSC. ( MEDLAB)', 'LABTEC DEPARTMENT'),
(212, 'MLT214B', 'MICROBIOLOGY II', 200, 63, 'BSC. ( MEDLAB)', 'LABTEC DEPARTMENT'),
(213, 'MLT215', 'HISTOPATHOLOGY I', 200, 63, 'BSC. ( MEDLAB)', 'LABTEC DEPARTMENT'),
(214, 'MLT217', 'PHARMACOLOGY II', 200, 64, 'BSC. ( MEDLAB)', 'LABTEC DEPARTMENT'),
(215, 'MLT219', 'IMMUNOLOGY', 200, 63, 'BSC. ( MEDLAB)', 'LABTEC DEPARTMENT'),
(216, 'MLT325A', 'CHEMICAL PATHOLOGY II', 300, 58, 'BSC. ( MEDLAB)', 'LABTEC DEPARTMENT'),
(217, 'MLT325B', 'CHEMICAL PATHOLOGY II PRACTICAL', 300, 58, 'BSC. ( MEDLAB)', 'LABTEC DEPARTMENT'),
(218, 'MLT326', 'BIOSTATISTICS', 300, 58, 'BSC. ( MEDLAB)', 'LABTEC DEPARTMENT'),
(219, 'MLT330A', 'HAEMATOLOGY IV', 300, 58, 'BSC. ( MEDLAB)', 'LABTEC DEPARTMENT'),
(220, 'MLT330B', 'HAEMATOLOGY IV PRACTICAL', 300, 58, 'BSC. ( MEDLAB)', 'LABTEC DEPARTMENT'),
(221, 'MLT333', 'PRACTICAL ATTACHMENT', 300, 58, 'BSC. ( MEDLAB)', 'LABTEC DEPARTMENT'),
(222, 'MLT340A', 'MICROBIOLOGY IV', 300, 58, 'BSC. ( MEDLAB)', 'LABTEC DEPARTMENT'),
(223, 'MLT340B', 'MICROBIOLOGY IV PRACTICAL', 300, 58, 'BSC. ( MEDLAB)', 'LABTEC DEPARTMENT'),
(224, 'MLT350A', 'HISTOPATHOLOGY III', 300, 58, 'BSC. ( MEDLAB)', 'LABTEC DEPARTMENT'),
(225, 'MLT350B', 'HISTOPATHOLOGY III PRACTICAL', 300, 58, 'BSC. ( MEDLAB)', 'LABTEC DEPARTMENT'),
(226, 'MLT412', 'PHARMACOLOGY WITH PRACTICAL', 400, 24, 'BSC. ( MEDLAB)', 'LABTEC DEPARTMENT'),
(227, 'MLT420A', 'CHEMICAL PATHOLOGY IV', 400, 24, 'BSC. ( MEDLAB)', 'LABTEC DEPARTMENT'),
(228, 'MLT420B', 'CHEMICAL PATHOLOGY IV PRACTICAL', 400, 24, 'BSC. ( MEDLAB)', 'LABTEC DEPARTMENT'),
(229, 'MLT430A', 'HAEMATOLOGY VI', 400, 24, 'BSC. ( MEDLAB)', 'LABTEC DEPARTMENT'),
(230, 'MLT430B', 'HAEMATOLOGY VI PRACTICAL', 400, 24, 'BSC. ( MEDLAB)', 'LABTEC DEPARTMENT'),
(231, 'MLT440A', 'MICROBIOLOGY VI', 400, 24, 'BSC. ( MEDLAB)', 'LABTEC DEPARTMENT'),
(232, 'MLT440B', 'MICROBIOLOGY VI PRACTICAL', 400, 24, 'BSC. ( MEDLAB)', 'LABTEC DEPARTMENT'),
(233, 'MLT451A', 'HISTOPATHOLOGY V', 400, 24, 'BSC. ( MEDLAB)', 'LABTEC DEPARTMENT'),
(234, 'MLT451B', 'HISTOPATHOLOGY V PRACTICAL', 400, 24, 'BSC. ( MEDLAB)', 'LABTEC DEPARTMENT'),
(235, 'PHY401', 'NUCLEAR AND PARTICLE PHYSICS', 400, 8, 'B. ED. ( SCIENCE)', 'PHYSICS DEPARTMENT');

-- --------------------------------------------------------

--
-- Table structure for table `date`
--

CREATE TABLE IF NOT EXISTS `date` (
  `DateId` int(255) NOT NULL AUTO_INCREMENT,
  `Date` varchar(50) NOT NULL,
  `Day` varchar(10) NOT NULL,
  PRIMARY KEY (`DateId`)
) ENGINE=InnoDB  DEFAULT CHARSET=latin1 AUTO_INCREMENT=23 ;

--
-- Dumping data for table `date`
--

INSERT INTO `date` (`DateId`, `Date`, `Day`) VALUES
(1, '06/02/2014', 'Monday'),
(2, '06/03/2014', 'Tuesday'),
(3, '06/04/2014', 'Wednesday'),
(4, '06/05/2014', 'Thursday'),
(5, '06/06/2014', 'Friday'),
(6, '06/07/2014', 'Saturday'),
(7, '06/08/2014', 'Sunday'),
(8, '06/09/2014', 'Monday'),
(9, '06/10/2014', 'Tuesday'),
(10, '06/11/2014', 'Wednesday'),
(11, '06/12/2014', 'Thursday'),
(12, '06/13/2014', 'Friday'),
(13, '06/14/2014', 'Saturday'),
(14, '06/15/2014', 'Sunday'),
(15, '06/16/2014', 'Monday'),
(16, '06/17/2014', 'Tuesday'),
(17, '06/18/2014', 'Wednesday'),
(18, '06/19/2014', 'Thursday'),
(19, '06/20/2014', 'Friday'),
(20, '06/21/2014', 'Saturday'),
(21, '06/22/2014', 'Sunday'),
(22, '06/23/2014', 'Monday');

-- --------------------------------------------------------

--
-- Table structure for table `dates`
--

CREATE TABLE IF NOT EXISTS `dates` (
  `DateId` int(31) NOT NULL AUTO_INCREMENT,
  `Date` varchar(50) NOT NULL,
  `Day` varchar(30) NOT NULL,
  PRIMARY KEY (`DateId`)
) ENGINE=InnoDB DEFAULT CHARSET=latin1 AUTO_INCREMENT=1 ;

-- --------------------------------------------------------

--
-- Table structure for table `dept`
--

CREATE TABLE IF NOT EXISTS `dept` (
  `dept_id` int(11) NOT NULL AUTO_INCREMENT,
  `dept_name` varchar(100) NOT NULL,
  PRIMARY KEY (`dept_id`)
) ENGINE=InnoDB  DEFAULT CHARSET=latin1 AUTO_INCREMENT=10 ;

--
-- Dumping data for table `dept`
--

INSERT INTO `dept` (`dept_id`, `dept_name`) VALUES
(1, 'Dept of Computer Science & Information Technology'),
(2, 'Dept of Physics'),
(3, 'Dept of Optometry'),
(4, 'Dept of Mathematics & Statistics'),
(5, 'Dept of Laboratory Technology'),
(6, 'Dept of Chemistry'),
(7, 'Dept of Agricultural Econs and Extension'),
(8, 'Dept of Crop Science'),
(9, 'Dept of Agricultural Engineering');

-- --------------------------------------------------------

--
-- Table structure for table `duration`
--

CREATE TABLE IF NOT EXISTS `duration` (
  `DurationId` int(255) NOT NULL AUTO_INCREMENT,
  `Duration` varchar(255) CHARACTER SET utf8mb4 COLLATE utf8mb4_unicode_ci NOT NULL,
  PRIMARY KEY (`DurationId`)
) ENGINE=InnoDB  DEFAULT CHARSET=latin1 AUTO_INCREMENT=4 ;

--
-- Dumping data for table `duration`
--

INSERT INTO `duration` (`DurationId`, `Duration`) VALUES
(1, '08:00-10:00'),
(2, '11:00-13:00'),
(3, '15:00-17:00');

-- --------------------------------------------------------

--
-- Stand-in structure for view `finaltable`
--
CREATE TABLE IF NOT EXISTS `finaltable` (
`Day` varchar(10)
,`Date` varchar(50)
,`CourseCode` varchar(10)
,`VenueCode` varchar(50)
);
-- --------------------------------------------------------

--
-- Table structure for table `finaltimetable`
--

CREATE TABLE IF NOT EXISTS `finaltimetable` (
  `Level` int(30) NOT NULL,
  `Programme` varchar(255) CHARACTER SET utf8mb4 COLLATE utf8mb4_unicode_ci NOT NULL,
  `FinalId` int(11) NOT NULL AUTO_INCREMENT,
  `CourseId` varchar(255) CHARACTER SET utf8mb4 COLLATE utf8mb4_unicode_ci NOT NULL,
  `Date` varchar(50) NOT NULL,
  `Duration` varchar(255) CHARACTER SET utf8mb4 COLLATE utf8mb4_unicode_ci NOT NULL,
  `VenueCode` varchar(255) CHARACTER SET utf8mb4 COLLATE utf8mb4_unicode_ci NOT NULL,
  `department` varchar(100) NOT NULL,
  PRIMARY KEY (`FinalId`)
) ENGINE=InnoDB  DEFAULT CHARSET=latin1 AUTO_INCREMENT=123 ;

--
-- Dumping data for table `finaltimetable`
--

INSERT INTO `finaltimetable` (`Level`, `Programme`, `FinalId`, `CourseId`, `Date`, `Duration`, `VenueCode`, `department`) VALUES
(300, 'B. ED. ( HEALTH SCIENCES)', 1, 'EHS464', '06/08/2014', '08:00-10:00', 'FELT8', 'DEPT. OF SCI. & MATHS EDU.'),
(200, 'B. ED. ( HEALTH SCIENCES)', 2, 'EHS222N', '06/08/2014', '08:00-10:00', 'FELT8', 'DEPT. OF SCI. & MATHS EDU.'),
(400, 'BSC. ( MEDLAB)', 3, 'MLT420A', '06/16/2014', '11:00-13:00', 'G20', 'LABTEC DEPARTMENT'),
(300, 'BSC ( LAB. TECH)', 4, 'LAT308', '06/08/2014', '08:00-10:00', 'FELT8', 'LABTEC DEPARTMENT'),
(400, 'B. ED. ( MATHS)', 5, 'EMA402', '06/08/2014', '08:00-10:00', 'FELT8', 'DEPT. OF SCI. & MATHS EDU.'),
(200, 'B. ED. ( SCIENCE)', 6, 'ESC220', '06/02/2014', '08:00-10:00', 'FELT1', 'DEPT. OF SCI. & MATHS EDU.'),
(300, 'B. ED. ( SCIENCE)', 7, 'ESC334', '06/02/2014', '08:00-10:00', 'FELT1', 'DEPT. OF SCI. & MATHS EDU.'),
(300, 'B. ED. ( SCIENCE)', 8, 'ESC330', '06/21/2014', '08:00-10:00', 'FELT9', 'DEPT. OF SCI. & MATHS EDU.'),
(400, 'BSC ( MATHEMATICS)', 9, 'MAT418', '06/02/2014', '08:00-10:00', 'FELT1', 'MATHEMATICS AND STATISTICS DEP'),
(400, 'BSC. ( MEDLAB)', 10, 'MLT412', '06/09/2014', '11:00-13:00', 'LT3', 'LABTEC DEPARTMENT'),
(400, 'BSC. ( AGRIC)', 11, 'AEN405N', '06/16/2014', '11:00-13:00', 'G20', 'AGRICULTURAL ENGINEERING DEPAR'),
(200, 'BSC. ( AGRIC)', 12, 'AEX202N', '06/06/2014', '08:00-10:00', 'FELT1', 'AGRICULTURAL ECONOMICS AND EXT'),
(300, 'BSC ( INDUSTRIAL CHEMISTRY)', 13, 'CTN302', '06/21/2014', '08:00-10:00', 'FELT9', 'CHEMISTRY DEPARTMENT'),
(400, 'B.SC. ( BIOCHEMISTRY)', 14, 'BCH412', '06/02/2014', '08:00-10:00', 'FELT1', 'DEPARTMENT OF BIOCHEMISTRY'),
(400, 'B.SC ( ENG. PHYSICS)', 15, 'ENP404', '06/22/2014', '08:00-10:00', 'FELT11', 'PHYSICS DEPARTMENT'),
(400, 'BSC ( INFO. TECH.)', 16, 'INF408', '06/07/2014', '11:00-13:00', 'G16', 'COMPUTER SCIENCE DEPARTMENT'),
(400, 'BSC. ( AGRIC)', 17, 'AEC407N', '06/12/2014', '11:00-13:00', 'LT5', 'AGRICULTURAL ECONOMICS AND EXT'),
(400, 'B.SC. ( BIOCHEMISTRY)', 18, 'BCH402', '06/22/2014', '15:00-17:00', 'FELT10', 'DEPARTMENT OF BIOCHEMISTRY'),
(300, 'BSC ( INFO. TECH.)', 19, 'INF310', '06/14/2014', '15:00-17:00', 'CRT3', 'COMPUTER SCIENCE DEPARTMENT'),
(400, 'B.SC ( ENG. PHYSICS)', 20, 'ENP406', '06/08/2014', '11:00-13:00', 'LT11', 'PHYSICS DEPARTMENT'),
(300, 'B. ED. ( HEALTH SCIENCES)', 21, 'EHS315', '06/20/2014', '11:00-13:00', 'LT18', 'DEPT. OF SCI. & MATHS EDU.'),
(200, 'B. ED. ( HEALTH SCIENCES)', 22, 'EHS242N', '06/22/2014', '15:00-17:00', 'FELT10', 'DEPT. OF SCI. & MATHS EDU.'),
(300, 'B.SC ( ENG. PHYSICS)', 23, 'ENP308', '06/09/2014', '15:00-17:00', 'FELT6', 'PHYSICS DEPARTMENT'),
(200, 'B. ED. ( SCIENCE)', 24, 'ESC214', '06/23/2014', '11:00-13:00', 'FELT5', 'DEPT. OF SCI. & MATHS EDU.'),
(400, 'BSC ( INFO. TECH.)', 25, 'INF406', '06/22/2014', '08:00-10:00', 'FELT11', 'COMPUTER SCIENCE DEPARTMENT'),
(400, 'BSC. ( AGRIC. EXTENSION )', 26, 'AEN401N', '06/12/2014', '15:00-17:00', 'ASH1', 'AGRICULTURAL ENGINEERING DEPAR'),
(300, 'B. ED. ( HEALTH SCIENCES)', 27, 'EHS382', '06/21/2014', '08:00-10:00', 'FELT9', 'DEPT. OF SCI. & MATHS EDU.'),
(300, 'BSC. ( AGRIC)', 28, 'AAS305N', '06/12/2014', '15:00-17:00', 'ASH1', 'ANIMAL SCIENCE DEPARTMENT'),
(100, 'BSC. ( MEDLAB)', 29, 'MLT101', '06/23/2014', '11:00-13:00', 'FELT5', 'LABTEC DEPARTMENT'),
(400, 'B.ED (COMP. SCIENCE)', 30, 'CSC403', '06/23/2014', '11:00-13:00', 'FELT5', 'COMPUTER SCIENCE DEPARTMENT'),
(400, 'BSC. ( AGRIC)', 31, 'AEN404N', '06/08/2014', '15:00-17:00', 'ASH2', 'AGRICULTURAL ENGINEERING DEPAR'),
(300, 'BSC. ( WATER AND SANITATION)', 32, 'CWS312', '06/03/2014', '11:00-13:00', 'SRT1', 'CHEMISTRY DEPARTMENT'),
(400, 'BSC. ( AGRIC)', 33, 'ASS407N', '06/22/2014', '08:00-10:00', 'SRT2', 'SOIL SCIENCE DEPARTMENT'),
(200, 'BSC. ( AGRIC. EXTENSION )', 34, 'ACR201N', '06/14/2014', '15:00-17:00', 'CRT3', 'CROP SCIENCE DEPARTMENT'),
(400, 'B. ED. ( SCIENCE)', 35, 'CHE402', '06/11/2014', '15:00-17:00', 'LT14', 'CHEMISTRY DEPARTMENT'),
(400, 'B. ED. ( SCIENCE)', 36, 'CHE404', '06/23/2014', '15:00-17:00', 'FELT1', 'CHEMISTRY DEPARTMENT'),
(200, 'B. ED. ( SCIENCE)', 37, 'ESC216', '06/15/2014', '15:00-17:00', 'CRT2', 'DEPT. OF SCI. & MATHS EDU.'),
(400, 'BSC. ( MEDLAB)', 38, 'MLT430A', '06/22/2014', '08:00-10:00', 'FELT11', 'LABTEC DEPARTMENT'),
(200, 'BSC ( INFO. TECH.)', 39, 'INF204', '06/13/2014', '15:00-17:00', 'CRT1', 'COMPUTER SCIENCE DEPARTMENT'),
(300, 'B.SC ( ENG. PHYSICS)', 40, 'ENP314', '06/13/2014', '15:00-17:00', 'CRT1', 'PHYSICS DEPARTMENT'),
(300, 'BSC. ( AGRIC. EXTENSION )', 41, 'AEX311N', '06/03/2014', '11:00-13:00', 'G21', 'AGRICULTURAL ECONOMICS AND EXT'),
(200, 'BSC ( INDUSTRIAL CHEMISTRY)', 42, 'CTN202', '06/09/2014', '15:00-17:00', 'FELT6', 'CHEMISTRY DEPARTMENT'),
(400, 'BSC. ( MEDLAB)', 43, 'MLT440A', '06/04/2014', '11:00-13:00', 'FELT1', 'LABTEC DEPARTMENT'),
(200, 'BSC. ( AGRIC)', 44, 'AAS201N', '06/21/2014', '15:00-17:00', 'CRT1', 'ANIMAL SCIENCE DEPARTMENT'),
(400, 'BSC. ( AGRIC)', 45, 'ACR404N', '06/07/2014', '08:00-10:00', 'LT14', 'CROP SCIENCE DEPARTMENT'),
(300, 'BSC. ( AGRIC)', 46, 'ASS303N', '06/21/2014', '08:00-10:00', 'FELT9', 'SOIL SCIENCE DEPARTMENT'),
(200, 'B.SC. ( BIOCHEMISTRY)', 47, 'BCH208', '06/15/2014', '11:00-13:00', 'FELT2', 'DEPARTMENT OF BIOCHEMISTRY'),
(200, 'BSC. ( ACTUARIAL SCI.)', 48, 'ACT214', '06/12/2014', '15:00-17:00', 'LT5', 'MATHEMATICS AND STATISTICS DEP'),
(300, 'B.SC. ( BIOCHEMISTRY)', 49, 'BCH334', '06/21/2014', '08:00-10:00', 'FELT9', 'DEPARTMENT OF BIOCHEMISTRY'),
(200, 'BSC. ( WATER AND SANITATION)', 50, 'CWS210', '06/12/2014', '11:00-13:00', 'LT13', 'CHEMISTRY DEPARTMENT'),
(400, 'BSC. ( WATER AND SANITATION)', 51, 'CWS402', '06/22/2014', '15:00-17:00', 'FELT10', 'CHEMISTRY DEPARTMENT'),
(400, 'B. ED. ( HEALTH SCIENCES)', 52, 'EHS406', '06/02/2014', '08:00-10:00', 'FELT1', 'DEPT. OF SCI. & MATHS EDU.'),
(200, 'BSC ( INFO. TECH.)', 53, 'INF202', '06/10/2014', '11:00-13:00', 'FELT7', 'COMPUTER SCIENCE DEPARTMENT'),
(400, 'BSC ( LAB. TECH)', 54, 'LAT410', '06/03/2014', '11:00-13:00', 'SRT1', 'LABTEC DEPARTMENT'),
(400, 'BSC ( INDUSTRIAL CHEMISTRY)', 55, 'CTN411', '06/16/2014', '15:00-17:00', 'SRT3', 'CHEMISTRY DEPARTMENT'),
(200, 'B. ED. ( MATHS)', 56, 'EMA210', '06/21/2014', '15:00-17:00', 'FELT10', 'DEPT. OF SCI. & MATHS EDU.'),
(400, 'B.SC ( ENG. PHYSICS)', 57, 'ENP402', '06/05/2014', '11:00-13:00', 'LT16', 'PHYSICS DEPARTMENT'),
(200, 'B.ED (COMP. SCIENCE)', 58, 'ECS203', '06/12/2014', '11:00-13:00', 'LT13', 'DEPT. OF SCI. & MATHS EDU.'),
(300, 'B.SC. ( BIOCHEMISTRY)', 59, 'BCH326', '06/07/2014', '08:00-10:00', 'CRT3', 'DEPARTMENT OF BIOCHEMISTRY'),
(200, 'BSC. ( WATER AND SANITATION)', 60, 'CWS202', '06/08/2014', '15:00-17:00', 'ASH2', 'CHEMISTRY DEPARTMENT'),
(200, 'BSC ( LAB. TECH)', 61, 'LAT207', '06/13/2014', '15:00-17:00', 'CRT1', 'LABTEC DEPARTMENT'),
(400, 'BSC. ( WATER AND SANITATION)', 62, 'CWS404', '06/21/2014', '15:00-17:00', 'CRT1', 'CHEMISTRY DEPARTMENT'),
(300, 'BSC. ( MEDLAB)', 63, 'MLT350B', '06/04/2014', '11:00-13:00', 'FELT1', 'LABTEC DEPARTMENT'),
(400, 'BSC. ( AGRIC. EXTENSION )', 64, 'AEX406N', '06/07/2014', '08:00-10:00', 'G15', 'AGRICULTURAL ECONOMICS AND EXT'),
(300, 'B. ED. ( HEALTH SCIENCES)', 65, 'EHS324', '06/05/2014', '15:00-17:00', 'CRT4', 'DEPT. OF SCI. & MATHS EDU.'),
(200, 'BSC ( LAB. TECH)', 66, 'LAT204', '06/15/2014', '11:00-13:00', 'G11', 'LABTEC DEPARTMENT'),
(300, 'BSC. ( AGRIC)', 67, 'ACR304N', '06/09/2014', '08:00-10:00', 'OLD-LIB', 'CROP SCIENCE DEPARTMENT'),
(200, 'BSC. ( WATER AND SANITATION)', 68, 'CWS212', '06/03/2014', '11:00-13:00', 'G21', 'CHEMISTRY DEPARTMENT'),
(400, 'BSC. ( AGRIC. EXTENSION )', 69, 'AAS401N', '06/19/2014', '08:00-10:00', 'LT21', 'ANIMAL SCIENCE DEPARTMENT'),
(400, 'BSC. ( AGRIC)', 70, 'ASS408N', '06/03/2014', '11:00-13:00', 'FELT2', 'SOIL SCIENCE DEPARTMENT'),
(400, 'BSC. ( AGRIC)', 71, 'AEX413N', '06/21/2014', '11:00-13:00', 'G11', 'AGRICULTURAL ECONOMICS AND EXT'),
(200, 'BSC ( INFO. TECH.)', 72, 'INF208', '06/08/2014', '08:00-10:00', 'FELT7', 'COMPUTER SCIENCE DEPARTMENT'),
(300, 'B.SC ( ENG. PHYSICS)', 73, 'ENP306', '06/02/2014', '11:00-13:00', 'CRT2', 'PHYSICS DEPARTMENT'),
(400, 'BSC. ( AGRIC. EXTENSION )', 74, 'AEX405N', '06/09/2014', '08:00-10:00', 'OLD-LIB', 'AGRICULTURAL ECONOMICS AND EXT'),
(200, 'BSC ( INDUSTRIAL CHEMISTRY)', 75, 'CTN204', '06/15/2014', '15:00-17:00', 'CRT2', 'CHEMISTRY DEPARTMENT'),
(400, 'BSC ( INDUSTRIAL CHEMISTRY)', 76, 'CTN408', '06/21/2014', '11:00-13:00', 'SRT1', 'CHEMISTRY DEPARTMENT'),
(300, 'BSC. ( AGRIC)', 77, 'ACR303N', '06/05/2014', '08:00-10:00', 'LLT', 'CROP SCIENCE DEPARTMENT'),
(200, 'BSC. ( WATER AND SANITATION)', 78, 'CWS206', '06/14/2014', '08:00-10:00', 'G15', 'CHEMISTRY DEPARTMENT'),
(400, 'BSC. ( AGRIC)', 79, 'ACR410N', '06/23/2014', '08:00-10:00', 'G16', 'CROP SCIENCE DEPARTMENT'),
(300, 'BSC ( INFO. TECH.)', 80, 'INF302', '06/10/2014', '11:00-13:00', 'G11', 'COMPUTER SCIENCE DEPARTMENT'),
(300, 'BSC. ( AGRIC. EXTENSION )', 81, 'AEX306N', '06/16/2014', '15:00-17:00', 'SRT3', 'AGRICULTURAL ECONOMICS AND EXT'),
(100, 'B.ED (COMP. SCIENCE)', 82, 'CSE102', '06/05/2014', '08:00-10:00', 'LT1', 'DEPT. OF SCI. & MATHS EDU.'),
(300, 'B. ED. ( HEALTH SCIENCES)', 83, 'EHS316', '06/15/2014', '11:00-13:00', 'FELT2', 'DEPT. OF SCI. & MATHS EDU.'),
(300, 'BSC. ( ACTUARIAL SCI.)', 84, 'ACT302', '06/03/2014', '11:00-13:00', 'SRT1', 'MATHEMATICS AND STATISTICS DEP'),
(300, 'B.SC. ( BIOCHEMISTRY)', 85, 'BCH306', '06/05/2014', '08:00-10:00', 'LLT', 'DEPARTMENT OF BIOCHEMISTRY'),
(400, 'B. ED. ( HEALTH SCIENCES)', 86, 'EHS438', '06/15/2014', '11:00-13:00', 'FELT1', 'DEPT. OF SCI. & MATHS EDU.'),
(200, 'B. ED. ( HEALTH SCIENCES)', 87, 'EHS232N', '06/21/2014', '08:00-10:00', 'LT8', 'DEPT. OF SCI. & MATHS EDU.'),
(400, 'BSC. ( MEDLAB)', 88, 'MLT440B', '06/23/2014', '08:00-10:00', 'G11', 'LABTEC DEPARTMENT'),
(300, 'BSC ( INFO. TECH.)', 89, 'INF308', '06/20/2014', '11:00-13:00', 'LLT', 'COMPUTER SCIENCE DEPARTMENT'),
(300, 'BSC. ( WATER AND SANITATION)', 90, 'CWS310', '06/06/2014', '15:00-17:00', 'FELT5', 'CHEMISTRY DEPARTMENT'),
(200, 'BSC ( INDUSTRIAL CHEMISTRY)', 91, 'CTN203', '06/21/2014', '11:00-13:00', 'G11', 'CHEMISTRY DEPARTMENT'),
(300, 'BSC. ( AGRIC. EXTENSION )', 92, 'ACR203', '06/11/2014', '11:00-13:00', 'SRT2', 'CROP SCIENCE DEPARTMENT'),
(200, 'BSC. ( WATER AND SANITATION)', 93, 'CWS204', '06/19/2014', '11:00-13:00', 'G11', 'CHEMISTRY DEPARTMENT'),
(400, 'BSC ( INFO. TECH.)', 94, 'INF402', '06/20/2014', '11:00-13:00', 'LLT', 'COMPUTER SCIENCE DEPARTMENT'),
(400, 'BSC ( LAB. TECH)', 95, 'LAT409', '06/19/2014', '11:00-13:00', 'FELT3', 'LABTEC DEPARTMENT'),
(300, 'B. ED. ( HEALTH SCIENCES)', 96, 'EHS387', '06/16/2014', '15:00-17:00', 'SRT3', 'DEPT. OF SCI. & MATHS EDU.'),
(200, 'B. ED. ( HEALTH SCIENCES)', 97, 'EHS262N', '06/11/2014', '15:00-17:00', 'CRT2', 'DEPT. OF SCI. & MATHS EDU.'),
(200, 'B.SC. ( BIOCHEMISTRY)', 98, 'BCH212', '06/03/2014', '08:00-10:00', 'G11', 'DEPARTMENT OF BIOCHEMISTRY'),
(300, 'BSC. ( WATER AND SANITATION)', 99, 'CWS316', '06/21/2014', '11:00-13:00', 'SRT1', 'CHEMISTRY DEPARTMENT'),
(300, 'BSC. ( AGRIC. EXTENSION )', 100, 'AEX309N', '06/23/2014', '11:00-13:00', 'FELT8', 'AGRICULTURAL ECONOMICS AND EXT'),
(200, 'B.ED (COMP. SCIENCE)', 101, 'ECS212', '06/09/2014', '11:00-13:00', 'G15', 'DEPT. OF SCI. & MATHS EDU.'),
(300, 'BSC. ( MEDLAB)', 102, 'MLT350A', '06/08/2014', '08:00-10:00', 'FELT7', 'LABTEC DEPARTMENT'),
(200, 'BSC ( INDUSTRIAL CHEMISTRY)', 103, 'CTN208', '06/11/2014', '08:00-10:00', 'FELT10', 'CHEMISTRY DEPARTMENT'),
(400, 'BSC. ( AGRIC)', 104, 'AEX425N', '06/09/2014', '11:00-13:00', 'CRT4', 'AGRICULTURAL ECONOMICS AND EXT'),
(300, 'B. ED. ( MATHS)', 105, 'EMA312', '06/12/2014', '15:00-17:00', 'ASH1', 'DEPT. OF SCI. & MATHS EDU.'),
(300, 'B.SC. ( BIOCHEMISTRY)', 106, 'BCH316', '06/02/2014', '11:00-13:00', 'LT21', 'DEPARTMENT OF BIOCHEMISTRY'),
(300, 'BSC. ( MEDLAB)', 107, 'MLT326', '06/21/2014', '11:00-13:00', 'SRT2', 'LABTEC DEPARTMENT'),
(400, 'BSC ( INFO. TECH.)', 108, 'INF404', '06/04/2014', '08:00-10:00', 'ASH1', 'COMPUTER SCIENCE DEPARTMENT'),
(100, 'B.ED (COMP. SCIENCE)', 109, 'ECS101', '06/21/2014', '11:00-13:00', 'FELT5', 'DEPT. OF SCI. & MATHS EDU.'),
(300, 'BSC ( LAB. TECH)', 110, 'LAT307', '06/11/2014', '08:00-10:00', 'FELT10', 'LABTEC DEPARTMENT'),
(200, 'BSC ( INFO. TECH.)', 111, 'INF206', '06/22/2014', '11:00-13:00', 'G20', 'COMPUTER SCIENCE DEPARTMENT'),
(400, 'B. ED. ( SCIENCE)', 112, 'ESC401', '06/13/2014', '15:00-17:00', 'CRT4', 'DEPT. OF SCI. & MATHS EDU.'),
(300, 'B. ED. ( HEALTH SCIENCES)', 113, 'EHS465', '06/18/2014', '15:00-17:00', 'OLD-LIB', 'DEPT. OF SCI. & MATHS EDU.'),
(400, 'BSC. ( WATER AND SANITATION)', 114, 'CWS422', '06/07/2014', '11:00-13:00', 'LLT', 'CHEMISTRY DEPARTMENT'),
(400, 'BSC. ( ACTUARIAL SCI.)', 115, 'ACT402', '06/03/2014', '11:00-13:00', 'SRT1', 'MATHEMATICS AND STATISTICS DEP'),
(300, 'BSC. ( ACTUARIAL SCI.)', 116, 'ACT304', '06/13/2014', '11:00-13:00', 'LT4', 'MATHEMATICS AND STATISTICS DEP'),
(400, 'BSC. ( AGRIC)', 117, 'ASS409N', '06/11/2014', '15:00-17:00', 'G15', 'SOIL SCIENCE DEPARTMENT'),
(400, 'BSC. ( AGRIC. EXTENSION )', 118, 'ASS402N', '06/05/2014', '15:00-17:00', 'CRT4', 'SOIL SCIENCE DEPARTMENT'),
(400, 'BSC. ( WATER AND SANITATION)', 119, 'CWS428', '06/05/2014', '15:00-17:00', 'FELT4', 'CHEMISTRY DEPARTMENT'),
(100, 'BSC. ( AGRIC)', 120, 'AGN107', '06/18/2014', '15:00-17:00', 'OLD-LIB', 'AGRICULTURAL ENGINEERING DEPAR'),
(400, 'BSC ( LAB. TECH)', 121, 'LAT404', '06/05/2014', '08:00-10:00', 'SRT2', 'LABTEC DEPARTMENT'),
(200, 'BSC. ( AGRIC)', 122, 'AEN201N', '06/13/2014', '15:00-17:00', 'ASH1', 'AGRICULTURAL ENGINEERING DEPAR');

-- --------------------------------------------------------

--
-- Table structure for table `newmembers`
--

CREATE TABLE IF NOT EXISTS `newmembers` (
  `id` int(11) NOT NULL AUTO_INCREMENT,
  `status` int(50) NOT NULL DEFAULT '0',
  `username` varchar(100) NOT NULL,
  `password` varchar(100) NOT NULL,
  `deptid` varchar(100) NOT NULL,
  `firstname` varchar(100) DEFAULT NULL,
  `lastname` varchar(100) DEFAULT NULL,
  `email` varchar(100) DEFAULT NULL,
  PRIMARY KEY (`id`)
) ENGINE=InnoDB  DEFAULT CHARSET=latin1 AUTO_INCREMENT=32 ;

--
-- Dumping data for table `newmembers`
--

INSERT INTO `newmembers` (`id`, `status`, `username`, `password`, `deptid`, `firstname`, `lastname`, `email`) VALUES
(20, 1, 'ADMIN', 'ADMIN', '', 'MARY', 'JONAH', 'JONAHMARY17@GMAIL.COM'),
(28, 0, 'DAVID', 'david', 'AGRICULTURAL ECONOMICS AND EXT', 'rashidat', 'TWUMASI', ''),
(29, 0, 'TWUMASI', 'TWUMASI', 'ANIMAL SCIENCE DEPARTMENT', 'DAVID', 'TWUMASI', NULL),
(30, 0, 'RASHIDAT', 'RASHIDAT', 'CHEMISTRY DEPARTMENT', 'Rofiah', 'NOIBI', ''),
(31, 0, 'RASHIDAT', 'RASHIDAT', 'DEPARTMENT OF BIOCHEMISTRY', 'RASHIDAT', 'NOIBI', NULL);

-- --------------------------------------------------------

--
-- Table structure for table `users`
--

CREATE TABLE IF NOT EXISTS `users` (
  `user_id` int(50) NOT NULL AUTO_INCREMENT,
  `username` varchar(100) DEFAULT NULL,
  `password` varchar(100) DEFAULT NULL,
  PRIMARY KEY (`user_id`)
) ENGINE=InnoDB  DEFAULT CHARSET=latin1 AUTO_INCREMENT=3 ;

--
-- Dumping data for table `users`
--

INSERT INTO `users` (`user_id`, `username`, `password`) VALUES
(1, 'maryjonah', '0278194026'),
(2, 'admin', 'admin');

-- --------------------------------------------------------

--
-- Table structure for table `venue`
--

CREATE TABLE IF NOT EXISTS `venue` (
  `VenueCode` varchar(50) CHARACTER SET utf8mb4 COLLATE utf8mb4_unicode_ci NOT NULL,
  `VenueSize` int(255) NOT NULL,
  `VenueName` varchar(255) CHARACTER SET utf8mb4 COLLATE utf8mb4_unicode_ci NOT NULL,
  `VenueId` int(255) NOT NULL AUTO_INCREMENT,
  PRIMARY KEY (`VenueCode`),
  UNIQUE KEY `VenueId` (`VenueId`)
) ENGINE=InnoDB  DEFAULT CHARSET=latin1 AUTO_INCREMENT=48 ;

--
-- Dumping data for table `venue`
--

INSERT INTO `venue` (`VenueCode`, `VenueSize`, `VenueName`, `VenueId`) VALUES
('ASH1', 280, 'Assembly Hall', 46),
('ASH2', 180, 'Assembly Hall', 47),
('CRT1', 190, 'Cafe Roof Top', 1),
('CRT2', 64, 'Cafe Roof Top', 2),
('CRT3', 64, 'Cafe Roof Top', 3),
('CRT4', 64, 'Cafe Roof Top', 4),
('FELT1', 100, 'Faculty of Education Lecture Theater', 8),
('FELT10', 140, 'Faculty of Education Lecture Theatre', 17),
('FELT11', 140, 'Faculty of Education Lecture Theatre', 18),
('FELT2', 100, 'Faculty of Education Lecture Theatre', 9),
('FELT3', 100, 'Faculty of Education Lecture Theater', 10),
('FELT4', 60, 'Faculty of Education Lecture Theatre', 11),
('FELT5', 160, 'Faculty of Education Lecture Theatre', 12),
('FELT6', 60, 'Faculty of Education Lecture Theatre', 13),
('FELT7', 120, 'Faculty of Education Lecture Theatre', 14),
('FELT8', 220, 'Faculty of Education Lecture Theatre', 15),
('FELT9', 220, 'Faculty of Education Lecture Theatre', 16),
('G11', 62, 'G-BLOCK', 19),
('G12', 42, 'G-BLOCK', 20),
('G15', 42, 'G-BLOCK', 21),
('G16', 62, 'G-BLOCK', 22),
('G20', 62, 'G-BLOCK', 23),
('G21', 62, 'G-BLOCK', 24),
('LLT', 700, 'Large Lecture Theater', 44),
('LT1', 28, 'Lecture Theater', 25),
('LT10', 28, 'Lecture Theater', 32),
('LT11', 28, 'Lecture Theater', 33),
('LT12', 28, 'Lecture Theater', 34),
('LT13', 28, 'Lecture Theater', 35),
('LT14', 20, 'Lecture Theater', 36),
('LT16', 20, 'Lecture Theater', 37),
('LT17', 20, 'Lecture Theater', 38),
('LT18', 28, 'Lecture Theater', 39),
('LT19', 28, 'Lecture Theater', 40),
('LT2', 28, 'Lecture Theater', 26),
('LT20', 50, 'Lecture Theater', 41),
('LT21', 52, 'Lecture Theater', 42),
('LT22', 28, 'Lecture Theater', 43),
('LT3', 28, 'Lecture Theater', 27),
('LT4', 28, 'Lecture Theater', 28),
('LT5', 28, 'Lecture Theater', 29),
('LT7', 28, 'Lecture Theater', 30),
('LT8', 28, 'Lecture Theater', 31),
('OLD-LIB', 400, 'Old Library', 45),
('SRT1', 165, 'Science Roof Top', 5),
('SRT2', 94, 'Science Roof Top', 6),
('SRT3', 65, 'Science Roof Top', 7);

-- --------------------------------------------------------

--
-- Stand-in structure for view `viewschedule`
--
CREATE TABLE IF NOT EXISTS `viewschedule` (
`date` varchar(50)
,`duration` varchar(255)
,`venuecode` varchar(50)
,`venuesize` int(255)
);
-- --------------------------------------------------------

--
-- Stand-in structure for view `viewschedule1`
--
CREATE TABLE IF NOT EXISTS `viewschedule1` (
`date` varchar(50)
,`duration` varchar(255)
,`venuecode` varchar(50)
,`venuesize` int(255)
);
-- --------------------------------------------------------

--
-- Structure for view `availseats`
--
DROP TABLE IF EXISTS `availseats`;

CREATE ALGORITHM=UNDEFINED DEFINER=`root`@`localhost` SQL SECURITY DEFINER VIEW `availseats` AS select `availseats1`.`duration` AS `duration`,`availseats1`.`date` AS `date`,`availseats1`.`venuecode` AS `venuecode`,(`availseats1`.`venuesize` - `availseats1`.`number_of_students`) AS `remseats` from `availseats1`;

-- --------------------------------------------------------

--
-- Structure for view `availseats1`
--
DROP TABLE IF EXISTS `availseats1`;

CREATE ALGORITHM=UNDEFINED DEFINER=`root`@`localhost` SQL SECURITY DEFINER VIEW `availseats1` AS select `f`.`Duration` AS `duration`,`f`.`Date` AS `date`,`f`.`VenueCode` AS `venuecode`,`v`.`VenueSize` AS `venuesize`,sum(`c`.`Number_Of_Students`) AS `number_of_students` from ((`venue` `v` join `finaltimetable` `f`) join `course` `c`) where ((`v`.`VenueCode` = `f`.`VenueCode`) and (`f`.`CourseId` = `c`.`CourseCode`)) group by `f`.`Duration`,`f`.`Date`,`f`.`VenueCode`,`v`.`VenueSize`;

-- --------------------------------------------------------

--
-- Structure for view `finaltable`
--
DROP TABLE IF EXISTS `finaltable`;

CREATE ALGORITHM=UNDEFINED DEFINER=`root`@`localhost` SQL SECURITY DEFINER VIEW `finaltable` AS select `date`.`Day` AS `Day`,`date`.`Date` AS `Date`,`course`.`CourseCode` AS `CourseCode`,`venue`.`VenueCode` AS `VenueCode` from ((`date` join `course`) join `venue`);

-- --------------------------------------------------------

--
-- Structure for view `viewschedule`
--
DROP TABLE IF EXISTS `viewschedule`;

CREATE ALGORITHM=UNDEFINED DEFINER=`root`@`localhost` SQL SECURITY DEFINER VIEW `viewschedule` AS select `date`.`Date` AS `date`,`duration`.`Duration` AS `duration`,`venue`.`VenueCode` AS `venuecode`,`venue`.`VenueSize` AS `venuesize` from ((`date` join `duration`) join `venue`) order by rand();

-- --------------------------------------------------------

--
-- Structure for view `viewschedule1`
--
DROP TABLE IF EXISTS `viewschedule1`;

CREATE ALGORITHM=UNDEFINED DEFINER=`root`@`localhost` SQL SECURITY DEFINER VIEW `viewschedule1` AS select `date`.`Date` AS `date`,`duration`.`Duration` AS `duration`,`venue`.`VenueCode` AS `venuecode`,`venue`.`VenueSize` AS `venuesize` from ((`date` join `duration`) join `venue`) order by rand();

/*!40101 SET CHARACTER_SET_CLIENT=@OLD_CHARACTER_SET_CLIENT */;
/*!40101 SET CHARACTER_SET_RESULTS=@OLD_CHARACTER_SET_RESULTS */;
/*!40101 SET COLLATION_CONNECTION=@OLD_COLLATION_CONNECTION */;
